date,actual,lr_pred,xgb_pred,lr_error,xgb_error
2016-02-19,0.008746355685131046,0.0008489061311078485,-0.00524099450558424,0.007897449554023198,0.013987350190715286
2016-02-22,-0.02260528488852187,9.22542763895709e-05,-0.014574360102415085,0.02269753916491144,0.008030924786106786
2016-02-23,0.014890695955222188,0.002102624776128276,-0.006141357123851776,0.012788071179093913,0.021032053079073965
2016-02-24,0.006867845993756561,0.00036056749406268226,-0.001518856966868043,0.006507278499693878,0.008386702960624604
2016-02-25,0.0015502273666803124,-0.0006703787374605927,-0.008324024267494678,0.002220606104140905,0.00987425163417499
2016-02-26,-0.002270147559591318,0.0005258446019322177,-0.003598360810428858,0.0027959921615235356,0.00132821325083754
2016-02-29,0.0397145516599442,-0.0002752894219828668,-0.009022708050906658,0.03998984108192706,0.048737259710850855
2016-03-01,0.0021884014721973433,-0.0005641078895789369,-0.005715141072869301,0.00275250936177628,0.007903542545066644
2016-03-02,0.007444168734491274,0.00010569619515944303,0.003961510490626097,0.007338472539331831,0.0034826582438651776
2016-03-03,0.014876847290640427,6.23655699262286e-05,0.00875010248273611,0.014814481720714198,0.006126744807904316
2016-03-04,-0.011066886710028201,-0.0006070817419407603,-0.006837197579443455,0.01045980496808744,0.004229689130584746
2016-03-07,-0.008245803475017244,0.0005298045884521369,0.00025429102242924273,0.00877560806346938,0.008500094497446486
2016-03-08,0.0008908245075720522,-0.0011513407147526892,0.0014619494322687387,0.0020421652223247414,0.0005711249246966865
2016-03-09,0.0004944620253164445,-0.0006094878254407415,-9.044733451446518e-05,0.001103949850757186,0.0005849093598309096
2016-03-10,0.010773944845309913,-8.875349739027177e-05,-0.00819335225969553,0.010862698342700185,0.018967297105005443
2016-03-11,0.002542538627029023,-0.0007079785704456375,0.00857897475361824,0.0032505171974746604,0.0060364361265892175
2016-03-14,0.020093640265314017,-0.002298364242653105,-0.004193143453449011,0.02239200450796712,0.024286783718763028
2016-03-15,0.013291260279212125,-0.00017952294615874217,-0.0150498878210783,0.013470783225370868,0.028341148100290425
2016-03-16,-0.0016042276115881826,-0.001608592156561485,-0.00673179654404521,4.364544973302353e-06,0.005127568932457027
2016-03-17,0.0011342155009452792,-0.0006828705569237956,-0.008864256553351879,0.0018170860578690749,0.009998472054297158
2016-03-18,-9.44108761329332e-05,0.0003505335434636249,-0.013683279976248741,0.0004449444195965581,0.013588869100115808
2016-03-21,0.007648003021433425,5.2002610803383344e-05,-0.01679988019168377,0.007596000410630042,0.024447883213117194
2016-03-22,-0.005528485757121504,-0.0013762383679428968,-0.001493975636549294,0.004152247389178607,0.00403451012057221
2016-03-23,-0.0043343069820031,-0.0010246136019573908,0.0020086602307856083,0.003309693380045709,0.006342967212788708
2016-03-24,-0.004542443456042489,-0.0012557911767894885,-0.003435655264183879,0.003286652279253,0.0011067881918586098
2016-03-28,0.023671451658902942,-0.000536158577944229,0.0032953720074146986,0.02420761023684717,0.020376079651488244
2016-03-29,0.017459138187221335,-0.0014486823118432194,-0.014663046225905418,0.018907820499064552,0.03212218441312675
2016-03-30,-0.005202628696604705,-0.0002816286409404378,-0.0024437205865979195,0.0049210000556642675,0.002758908110006786
2016-03-31,0.009175153683824266,0.0006820014057708282,-6.958717858651653e-05,0.008493152278053438,0.009244740862410783
2016-04-01,0.010273661241931187,-0.0008494720978452427,-0.004739479627460241,0.01112313333977643,0.015013140869391428
2016-04-04,-0.011789056875449955,-0.0010583364665689293,-0.0023611767683178186,0.010730720408881025,0.009427880107132136
2016-04-05,0.010472634550587223,-0.0008145454620830019,-0.0037214048206806183,0.011287180012670225,0.014194039371267841
2016-04-06,-0.021809661139149172,-0.0004250822895753379,0.008805977180600166,0.021384578849573836,0.03061563831974934
2016-04-07,0.001105583195135429,0.00017209896380545025,0.008309870958328247,0.0009334842313299787,0.007204287763192818
2016-04-08,0.00331308669243513,0.0005726491607726432,0.0060665481723845005,0.0027404375316624867,0.0027534614799493706
2016-04-11,0.013025133003118805,-0.0010213728414555107,0.009428279474377632,0.014046505844574316,0.003596853528741173
2016-04-12,0.014487504527345152,-0.0001963432815769309,0.004055340308696032,0.014683847808922082,0.01043216421864912
2016-04-13,0.000535523027490159,-0.00045832678055987564,0.007684674579650164,0.0009938498080500346,0.007149151552160005
2016-04-14,-0.020071364852810025,-0.0018670603999100567,-0.0004906505346298218,0.01820430445289997,0.019580714318180203
2016-04-15,-0.02157487482931264,0.0013300724278817603,0.0008822347735986114,0.0229049472571944,0.02245710960291125
2016-04-18,-0.005303312244138492,0.0017683779119085255,0.018850797787308693,0.007071690156047018,0.024154110031447185
2016-04-19,0.002057805630904408,0.0015627042320661881,0.017623696476221085,0.0004951013988382198,0.015565890845316677
2016-04-20,-0.010827966022589397,0.0007753556684548858,0.01254380214959383,0.011603321691044282,0.023371768172183227
2016-04-21,-0.002736623572709207,0.0006371225163658619,0.017697960138320923,0.003373746089075069,0.02043458371103013
2016-04-22,-0.005677517032551149,-0.0006656031772559572,0.00957875233143568,0.005011913855295192,0.01525626936398683
2016-04-25,-0.006947087933003471,-0.0013393233186134359,0.00019416109716985375,0.005607764614390035,0.0071412490301733245
2016-04-26,-0.06257786296118828,-0.0005509081343029821,-0.004892128985375166,0.0620269548268853,0.057685733975813114
2016-04-27,-0.030566346350439533,0.00025638621261789285,0.009225701913237572,0.030822732563057426,0.039792048263677104
2016-04-28,-0.011494252873563204,0.006494815105161827,0.036727529019117355,0.017989067978725033,0.04822178189268056
2016-04-29,-0.0010667804565819283,0.003498735755694436,0.006193043664097786,0.004565516212276364,0.007259824120679714
2016-05-02,0.016445963263562735,0.004291645518757215,0.005015749949961901,0.01215431774480552,0.011430213313600834
2016-05-03,-0.010401344820340497,0.0034286128549968565,0.010301681235432625,0.013829957675337352,0.02070302605577312
2016-05-04,-0.010085996390274965,0.0020264594330194753,0.02091829665005207,0.01211245582329444,0.031004293040327036
2016-05-05,-0.005577005577005578,0.0012127260940485718,0.02968820184469223,0.00678973167105415,0.03526520742169781
2016-05-06,0.0007549611734254391,0.0011443322548637222,0.031679220497608185,0.0003893710814382831,0.030924259324182746
2016-05-09,0.006789524733268548,0.0015538252608719135,0.014460927806794643,0.005235699472396635,0.007671403073526095
2016-05-10,-0.00974095482766002,0.001118247846047859,0.0017346851527690887,0.01085920267370788,0.011475639980429109
2016-05-11,-0.023456923575829625,0.0005987661132441516,0.021906621754169464,0.024055689689073775,0.04536354532999909
2016-05-12,0.0019924728802300784,0.0022124794012041,0.007444400805979967,0.00022000652097402176,0.005451927925749889
2016-05-13,0.03711886875828552,0.0001799896302870172,0.008264360018074512,0.0369388791279985,0.028854508740211005
2016-05-16,-0.004154239454622899,0.0011417952474271423,-0.004893232136964798,0.005296034702050041,0.0007389926823418991
2016-05-17,0.011445074339501593,0.0024765583888892106,0.0034215792547911406,0.008968515950612382,0.008023495084710452
2016-05-18,-0.0038071065989847552,0.001547944062546497,-0.005179464351385832,0.005355050661531252,0.0013723577524010766
2016-05-19,0.010828025477706893,-0.00010335006654352708,0.004300336819142103,0.01093137554425042,0.00652768865856479
2016-05-20,0.012707414408737794,0.00030401191576905507,-0.00829346664249897,0.01240340249296874,0.021000881051236764
2016-05-23,0.015244218604168802,-0.0010083679226331283,-0.0134940380230546,0.01625258652680193,0.028738256627223402
2016-05-24,0.01756894790602659,-0.0009098123989705635,-0.0046918014995753765,0.018478760304997153,0.022260749405601965
2016-05-25,0.007930134511142217,-0.0015164772368830848,-0.010644990019500256,0.009446611748025302,0.018575124530642473
2016-05-26,-0.0005975500448163196,-0.002694310043689728,0.014366397634148598,0.0020967599988734086,0.014963947678964917
2016-05-27,-0.004882909815645209,-0.002768259678136737,-0.0030366419814527035,0.0021146501375084717,0.0018462678341925054
2016-05-31,-0.014019627478469965,-0.0006307321449553352,-0.0005288755055516958,0.01338889533351463,0.013490751972918269
2016-06-01,-0.007515742433475525,3.1032357018272866e-05,-0.008182107470929623,0.007546774790493798,0.0006663650374540975
2016-06-02,0.002046663937781412,-0.0002978977874267723,-0.0010805153287947178,0.0023445617252081845,0.00312717926657613
2016-06-03,0.007250816993463971,-0.0006955846789099777,-0.0016504822997376323,0.007946401672373949,0.008901299293201603
2016-06-06,0.004055561188279544,0.00018199061944569345,-0.006616761442273855,0.0038735705688338505,0.0106723226305534
2016-06-07,-0.0009088155104514106,0.00010435860419592564,-0.003803668776527047,0.0010131741146473363,0.0028948532660756365
2016-06-08,0.007176066302809758,-0.00036195612320393065,0.002509447978809476,0.007538022426013689,0.004666618324000282
2016-06-09,-0.008228800802809855,-0.0007794862934818745,0.013483783230185509,0.00744931450932798,0.021712584032995363
2016-06-10,-0.015076393807548216,-1.7563032031682815e-05,0.01061773207038641,0.015058830775516533,0.025694125877934626
2016-06-13,0.0012327922745016817,0.0021119512654822906,0.003672394435852766,0.0008791589909806089,0.0024396021613510843
2016-06-14,-0.0032833983172583237,0.0010251158351735185,0.009683032520115376,0.004308514152431843,0.0129664308373737
2016-06-15,0.0042207123738933205,0.0011634531922018513,0.02563135139644146,0.0030572591816914693,0.02141063902254814
2016-06-16,-0.02275756022552533,-9.152243597552838e-05,0.008073756471276283,0.0226660377895498,0.030831316696801614
2016-06-17,-0.0024126717717403157,0.0009566475409361662,0.020283745601773262,0.003369319312676482,0.022696417373513578
2016-06-20,0.008517350157728698,0.0018630144318046104,0.02388155460357666,0.006654335725924087,0.015364204445847962
2016-06-21,-0.003753518923991228,0.000407167611013109,0.008310441859066486,0.004160686535004337,0.012063960783057714
2016-06-22,0.005756148613291545,0.001847106392024428,0.02821154147386551,0.003909042221267117,0.022455392860573964
2016-06-23,-0.02809573361082196,0.0014753428050086844,0.013642671518027782,0.029571076415830646,0.04173840512884974
2016-06-24,-0.0145610278372591,0.0001850710351719567,0.010371812619268894,0.014746098872431057,0.024932840456527994
2016-06-27,0.01684050412863969,0.00229147615965783,0.024718036875128746,0.014549027968981859,0.007877532746489058
2016-06-28,0.008654770808847134,0.0015036348238075883,0.006078298203647137,0.007151135985039546,0.0025764726051999975
2016-06-29,0.012711864406779627,0.00157861039613108,-0.004330186638981104,0.011133254010648547,0.01704205104576073
2016-06-30,0.0030334728033474256,0.001380304825150456,-0.002643194980919361,0.0016531679781969697,0.005676667784266787
2016-07-01,-0.009385754510376487,-0.0006026527395217992,-0.002773251151666045,0.008783101770854687,0.006612503358710442
2016-07-05,0.005684808927255647,-0.000333765831100054,-0.002489718608558178,0.006018574758355701,0.008174527535813825
2016-07-06,0.0042918454935620964,-0.0006767374674235107,0.00107290199957788,0.004968582960985607,0.0032189434939842165
2016-07-07,0.007713154054617588,-0.00042442231680726427,-0.001960113877430558,0.008137576371424853,0.009673267932048146
2016-07-08,0.0031030202730657486,3.335486868212816e-05,0.010217596776783466,0.0030696654043836204,0.007114576503717718
2016-07-11,0.00453701794184358,-0.0008536796291155422,-0.0005239887977950275,0.005390697570959122,0.005061006739638607
2016-07-12,-0.005645657975774987,-0.0018294067244333835,0.006493483670055866,0.0038162512513416035,0.012139141645830853
2016-07-13,0.01982037782595225,-0.0005726214582810031,-0.004697644617408514,0.020392999284233253,0.024518022443360765
2016-07-14,-0.00010122482032604019,-0.0005368497784063704,-0.0008651007665321231,0.00043562495808033026,0.0007638759462060829
2016-07-15,0.010629682121886974,-7.340439600807703e-05,-0.011113360524177551,0.01070308651789505,0.021743042646064525
2016-07-18,0.000400681157968652,-8.181118345777002e-05,-0.0022742953151464462,0.000482492341426422,0.0026749764731150982
2016-07-19,0.00090117152297986,-0.000790867899910886,0.005702825263142586,0.001692039422890746,0.004801653740162726
2016-07-20,-0.0053021208483392535,-9.283461681083242e-05,0.003251032205298543,0.005209286231528421,0.008553153053637796
2016-07-21,-0.00774414160716097,-0.0002706279385531977,-0.011044255457818508,0.007473513668607773,0.003300113850657538
2016-07-22,-0.013379282383944813,0.00024266623880455761,0.005397324915975332,0.013621948622749371,0.018776607299920145
2016-07-25,-0.006883090199301445,0.0004241803274971463,0.006897853687405586,0.007307270526798591,0.013780943886707031
2016-07-26,0.0649632771283748,7.583867937055802e-05,0.018221275880932808,0.06488743844900424,0.04674200124744199
2016-07-27,0.013501699854298277,0.004651770331584352,0.004014007747173309,0.008849929522713924,0.009487692107124968
2016-07-28,-0.0012459267778417438,0.00032380611793295534,-0.005142161622643471,0.001569732895774699,0.003896234844801727
2016-07-29,0.01765665483159018,0.0015760388215900023,-0.005210496485233307,0.016080616010000177,0.022867151316823486
2016-08-01,-0.014804337576614701,-0.0007005930014592687,-0.004076160490512848,0.014103744575155432,0.010728177086101853
2016-08-02,0.012538284839203717,0.001805493742952905,-0.0061858175322413445,0.010732791096250811,0.01872410237144506
2016-08-03,0.0007562151432081166,-0.0008564151564526687,-0.036780424416065216,0.0016126302996607852,0.03753663955927333
2016-08-04,0.01520732974402561,-0.0020414917991658952,-0.005402831826359034,0.017248821543191507,0.020610161570384644
2016-08-05,0.008280610346110828,-0.001699092108661579,-0.010534129105508327,0.009979702454772407,0.018814739451619156
2016-08-08,0.004060164252099208,-0.0032437049577785804,-0.002008196897804737,0.007303869209877788,0.006068361149903945
2016-08-09,-0.007444168734491385,-0.0042523462979187744,0.007026516832411289,0.003191822436572611,0.014470685566902675
2016-08-10,-0.0006481481481480644,-0.0007340263125528374,0.001006573555059731,8.587816440477295e-05,0.0016547217032077954
2016-08-11,0.002316316130825502,1.6855756529156676e-05,-0.002047121524810791,0.0022994603742963454,0.004363437655636293
2016-08-12,0.012017008689221731,-0.001323614804607856,0.0075728800147771835,0.013340623493829588,0.004444128674444547
2016-08-15,-0.0009134088417976916,-0.0008259034008792129,0.003181602107360959,8.750544091847869e-05,0.004095010949158651
2016-08-16,-0.0014627902724446695,-0.0007537311488761168,0.0013150024460628629,0.0007090591235685527,0.0027777927185075324
2016-08-17,-0.001281816517121448,-0.0008488968818681445,0.0022275629453361034,0.00043291963525330344,0.0035093794624575514
2016-08-18,0.0025669233590026597,-0.0010810723703003622,0.008220063522458076,0.003647995729303022,0.005653140163455417
2016-08-19,-0.007772494513533235,-0.0006508500176715063,0.005951253697276115,0.007121644495861728,0.01372374821080935
2016-08-22,0.0031333517648142184,-0.00029667891630617404,-0.0048841251991689205,0.0034300306811203924,0.008017476963983139
2016-08-23,-0.007533302710151513,-0.0002954324360066214,0.0042449356988072395,0.007237870274144891,0.011778238408958752
2016-08-24,-0.004258076460242566,-0.00035751792324401413,-0.007648085243999958,0.0039005585369985517,0.0033900087837573922
2016-08-25,-0.005856651482755382,-0.0004074089441206538,0.008254867978394032,0.005449242538634728,0.014111519461149413
2016-08-26,-0.001122124555825721,-0.00021502227778619383,0.009219945408403873,0.0009071022780395271,0.010342069964229594
2016-08-29,-0.007676465081445372,5.7009868721000743e-05,0.00013351293455343693,0.007733474950166372,0.007809978015998809
2016-08-30,0.0009433962264151496,-0.00048714066152227495,-0.008638606406748295,0.0014305368879374246,0.009582002633163444
2016-08-31,0.0059377945334591065,-0.00026084178463404734,-0.008857591077685356,0.006198636318093154,0.014795385611144463
2016-09-01,0.009369436896842442,-0.00034288386071357375,0.002803854877129197,0.009712320757556016,0.006565582019713245
2016-09-02,-0.0002784739626845445,0.0003613937749909592,-0.003250255947932601,0.0006398677376755037,0.0029717819852480565
2016-09-06,0.006128133704735417,-0.00020890199784089937,-0.0012279771035537124,0.006337035702576316,0.007356110808289129
2016-09-07,-0.026208933185677408,-0.0006381752223588357,0.013905595056712627,0.02557075796331857,0.040114528242390035
2016-09-08,-0.02264973464746023,0.0012100392071757657,-0.003971611615270376,0.023859773854635995,0.018678123032189853
2016-09-09,0.022398913992048852,0.0023571567566430165,0.002144793514162302,0.020041757235405834,0.02025412047788655
2016-09-12,0.023805007587253568,4.8495585443091536e-05,-0.01918274536728859,0.023756512001810476,0.04298775295454216
2016-09-13,0.035386753126447346,0.0016141260250139297,-0.005712006241083145,0.03377262710143342,0.04109875936753049
2016-09-14,0.0339983895499687,0.0003968306008257346,0.002980742370709777,0.03360155894914296,0.031017647179258923
2016-09-15,-0.0056242969628795825,-0.0015500957897643238,-0.0029911596793681383,0.004074201173115259,0.002633137283511444
2016-09-16,-0.011660285415941551,-0.0022545875686087215,-0.009317824617028236,0.00940569784733283,0.002342460798913315
2016-09-19,-8.804366966019828e-05,0.0006028405830739722,0.018828997388482094,0.0006908842527341705,0.018917041058142292
2016-09-20,-0.00017610284406088805,-0.0008920999477911315,0.0031159936916083097,0.0007159971037302435,0.003292096535669198
2016-09-21,0.009423161602818197,2.7562342560336073e-05,0.00039535522228106856,0.009395599260257861,0.009027806380537129
2016-09-22,-0.01666375850636892,-0.0021458242005002797,0.003255217568948865,0.01451793430586864,0.019918976075317785
2016-09-23,0.0015082956259426794,-0.0018322210791743053,0.01358325406908989,0.0033405167051169847,0.01207495844314721
2016-09-26,0.0018603827072998236,-0.0031925631656360637,-0.0006578610045835376,0.005052945872935887,0.002518243711883361
2016-09-27,0.0076045627376426506,-0.0025608234320465065,0.0034720010589808226,0.010165386169689157,0.004132561678661828
2016-09-28,-0.015533128565160093,-0.0004789571585482903,0.002293127356097102,0.015054171406611801,0.017826255921257195
2016-09-29,0.007755393118202836,0.0012469748100511612,-0.006014785263687372,0.0065084183081516745,0.013770178381890208
2016-09-30,-0.004688191065900016,0.0004277460983627508,-0.004919117316603661,0.005115937164262767,0.0002309262507036447
2016-10-03,0.004265908282971909,-0.00040446300963410935,0.0036981115117669106,0.004670371292606018,0.000567796771204998
2016-10-04,0.00044247787610607325,0.0007508626221581697,-0.00131502584554255,0.0003083847460520965,0.0017575037216486233
2016-10-05,0.007430340557275539,-0.00013503044901235026,-0.007531533949077129,0.007565371006287889,0.014961874506352668
2016-10-06,0.001492668364211136,-0.0003294011077675492,0.009433780796825886,0.0018220694719786852,0.00794111243261475
2016-10-07,0.01744695774153948,-0.0010429807065544033,0.006291221361607313,0.018489938448093886,0.011155736379932168
2016-10-10,0.0021542438604049696,-0.001197274870743884,0.003032111097127199,0.0033515187311488536,0.0008778672367222295
2016-10-11,0.008942390369733433,-9.569124967258747e-05,-0.006618507206439972,0.00903808161940602,0.015560897576173405
2016-10-12,-0.0030680074995739215,-0.0007405786775047853,-0.009837470948696136,0.002327428822069136,0.006769463449122215
2016-10-13,0.005556505385535981,-0.0017625648129639083,-0.011860853992402554,0.00731907019849989,0.017417359377938535
2016-10-14,-0.0006800986142990739,-0.0005836376101116068,-0.02138543128967285,9.646100418746716e-05,0.020705332675373778
2016-10-17,-0.0006805614632071633,-0.0020039448149773015,-0.010713694617152214,0.0013233833517701382,0.01003313315394505
2016-10-18,-0.0029794841236059355,-0.0008702182159196336,-0.003107454627752304,0.002109265907686302,0.00012797050414636857
2016-10-19,-0.0005122950819672623,-0.001203433094290724,-0.009444911032915115,0.0006911380123234617,0.008932615950947853
2016-10-20,-0.0039296087476508035,-0.0017627916033849727,-0.010530063882470131,0.0021668171442658308,0.0066004551348193274
2016-10-21,0.009005145797598813,-0.00194890040146143,-0.009253764525055885,0.010954046199060243,0.018258910322654698
2016-10-24,0.0050998725031874415,-0.0009366660794764108,0.008124381303787231,0.006036538582663852,0.00302450880059979
2016-10-25,-0.022494714587737774,-0.0011287788574606446,-0.00867057591676712,0.02136593573027713,0.013824138670970654
2016-10-26,-0.009602906825849966,-0.001235149228833752,-0.009240102022886276,0.008367757597016214,0.0003628048029636899
2016-10-27,-0.00663871418588402,0.0009728898664167047,-0.00014938341337256134,0.0076116040523007255,0.006489330772511459
2016-10-28,-0.0015828350334153862,0.0004725053303487716,-0.0029771672561764717,0.002055340363764158,0.0013943322227610855
2016-10-31,-0.018055310903646427,0.0008308943343793861,-0.004503106698393822,0.018886205238025814,0.013552204205252605
2016-11-01,0.0008969414297246292,0.0017315584552337858,0.004028479568660259,0.0008346170255091566,0.00313153813893563
2016-11-02,-0.015772022582668743,1.1416140012682208e-05,-0.00765903340652585,0.015783438722681425,0.008112989176142893
2016-11-03,-0.009013930620049071,0.00046810195825941047,-0.005812540650367737,0.009482032578308482,0.003201389969681334
2016-11-04,0.014424843807423704,0.0003383679032536689,-0.003844059305265546,0.014086475904170035,0.01826890311268925
2016-11-07,0.005887147903269607,0.0011076796700129465,-0.013363485224545002,0.004779468233256661,0.01925063312781461
2016-11-08,-0.0016207455429497752,0.0007124309892216994,-0.0027822712436318398,0.0023331765321714746,0.0011615257006820645
2016-11-09,-0.02786796536796532,0.00022331560934030908,-0.00198948010802269,0.02809128097730563,0.02587848525994263
2016-11-10,0.00593747100844233,0.003227259734846266,0.0005208677030168474,0.002710211273596064,0.0054166033054254825
2016-11-11,-0.025085308493959402,0.00044024810208172834,0.002348303562030196,0.02552555659604113,0.027433612055989598
2016-11-14,0.013243780153249451,0.002310953088064685,0.010975007899105549,0.010932827065184766,0.0022687722541439026
2016-11-15,0.026888245728690086,0.0018416831040647197,0.008592907339334488,0.025046562624625367,0.018295338389355598
2016-11-16,-0.0003636694244930627,-0.0005905594140190014,-0.0021792766638100147,0.0002268899895259387,0.001815607239316952
2016-11-17,0.0010004547521600404,-1.7604703276419796e-05,-0.00608542375266552,0.0010180594554364602,0.00708587850482556
2016-11-18,0.015173541704524895,-0.0007006984392440036,-0.0018164507346227765,0.015874240143768897,0.016989992439147672
2016-11-21,0.0006265103374205605,-0.002285604097528657,-0.006655463948845863,0.0029121144349492176,0.007281974286266424
2016-11-22,-0.005098389982110874,-0.0006673850853060308,-0.01021419558674097,0.004431004896804843,0.005115805604630097
2016-11-23,0.005034612964128327,-0.0008984747042405814,0.004325416870415211,0.005933087668368908,0.0007091960937131159
2016-11-25,-0.001967975668664579,-0.0021991982320201013,0.008987647481262684,0.0002312225633555225,0.010955623149927263
2016-11-28,-0.000985928116877255,-0.0016501694526553897,-0.0022791454102844,0.0006642413357781348,0.001293217293407145
2016-11-29,-0.008433518751121416,-0.0025735523371978528,0.014757584780454636,0.005859966413923563,0.02319110353157605
2016-11-30,-0.009319580166485708,-0.0011908531550858439,0.008413285948336124,0.008128727011399864,0.017732866114821833
2016-12-01,0.0037446342131701726,0.00017721067377735045,0.0076208640821278095,0.003567423539392822,0.003876229868957637
2016-12-02,-0.007188353048225737,-0.0009991208836568335,0.01308008935302496,0.006189232164568904,0.020268442401250697
2016-12-05,0.007698652735771194,2.5062430140439067e-05,0.017477042973041534,0.007673590305630755,0.00977839023727034
2016-12-06,0.00982264665757171,0.00040340246593013277,-0.0020279563032090664,0.009419244191641578,0.011850602960780776
2016-12-07,0.009817166531568056,-0.00104346292058105,-3.85395651392173e-07,0.010860629452149106,0.009817551927219448
2016-12-08,0.016321798073492655,-0.0009872027500986667,0.00881987065076828,0.01730900082359132,0.007501927422724375
2016-12-09,-0.005704256252742512,-0.0011528022321346401,-0.0002919723920058459,0.004551454020607872,0.005412283860736666
2016-12-12,0.0166813768755516,-0.0008404851866247618,0.0054374267347157,0.017521862062176364,0.011243950140835901
2016-12-13,0.0,-0.0009919024299042357,0.003159285755828023,0.0009919024299042357,0.003159285755828023
2016-12-14,0.005469224759093727,-0.0014869538171766337,-0.0008157708216458559,0.006956178576270361,0.006284995580739583
2016-12-15,0.0012951131065446209,-0.0008976381128670535,0.0029322663322091103,0.0021927512194116743,0.0016371532256644894
2016-12-16,0.005777356212813611,-0.0012426186461453846,-0.006823084782809019,0.007019974858958996,0.01260044099562263
2016-12-19,0.002657750342935472,-0.002162596509961103,-0.007329385261982679,0.004820346852896575,0.009987135604918151
2016-12-20,0.0009405728943994163,-0.002575922790115484,0.007520900573581457,0.0035164956845149,0.006580327679182041
2016-12-21,-0.00657782333845891,-0.0024590118041250292,0.0023163168225437403,0.004118811534333881,0.00889414016100265
2016-12-22,0.0019778140854758153,-0.0019609332607972456,-0.015468595549464226,0.003938747346273061,0.01744640963494004
2016-12-23,0.006350841057329193,-0.0017138446617824925,-0.000674008741043508,0.008064685719111685,0.007024849798372701
2016-12-27,-0.004264028654272556,-0.001759995469883706,3.559625110938214e-05,0.00250403318438885,0.004299624905381938
2016-12-28,-0.0002569373072970338,3.402868808412198e-05,0.0033842690754681826,0.00029096599538115577,0.0036412063827652164
2016-12-29,-0.007795768011650939,-0.0009762232302956992,-0.001830566325224936,0.0068195447813552395,0.005965201686426003
2016-12-30,0.002849248834398299,-0.00020304341161144022,0.008966806344687939,0.0030522922460097393,0.0061175575102896396
2017-01-03,-0.001119242359018613,-0.00046436724070657385,0.0005652545369230211,0.0006548751183120391,0.001684496895941634
2017-01-04,0.0050853301154973884,-0.0009382340813885977,-0.002900471678003669,0.006023564196885986,0.007985801793501057
2017-01-05,0.011148272017837302,-0.0007552697559133955,-0.0027163615450263023,0.011903541773750697,0.013864633562863604
2017-01-06,0.009159528453905441,-0.0010826275399965848,-0.017643360421061516,0.010242155993902026,0.026802888874966957
2017-01-09,0.0010084881082443875,-0.0018276508201077882,0.008605104871094227,0.0028361389283521757,0.007596616762849839
2017-01-10,0.005373184451347601,-0.0016269796164476652,-9.759321255842224e-05,0.0070001640677952665,0.0054707776639060235
2017-01-11,-0.0041753653444676075,-0.002000843920301928,0.00832653883844614,0.0021745214241656796,0.012501904182913748
2017-01-12,-0.001761006289308087,-0.0017004745826631439,0.007132775150239468,6.0531706644943034e-05,0.008893781439547555
2017-01-13,0.008064516129032251,-0.001046502399713026,0.009160573594272137,0.009111018528745277,0.0010960574652398858
2017-01-17,-8.333333333332416e-05,-0.002371498841681952,0.00989529024809599,0.002288165508348628,0.009978623581429313
2017-01-18,-0.00175014584548705,-0.001562303626912587,0.003619497176259756,0.0001878422185744629,0.005369643021746806
2017-01-19,0.0018367006177992806,-0.0019650605929424922,0.010084085166454315,0.003801761210741773,0.008247384548655035
2017-01-20,0.0006666666666665932,-0.001495897994601641,-0.00041071910527534783,0.0021625646612682342,0.001077385771941941
2017-01-23,-0.0009160559626915088,-0.001452144814735678,-0.003875916125252843,0.0005360888520441693,0.002959860162561334
2017-01-24,0.015920646828373686,-0.0017252852706817765,0.014084458351135254,0.01764593209905546,0.0018361884772384318
2017-01-25,0.0004922874958976919,-0.0013891132677166969,-0.010417780838906765,0.0018814007636143888,0.010910068334804457
2017-01-26,8.20075446941182e-05,-0.0013934797509728208,-0.008924908936023712,0.001475487295666939,0.00900691648071783
2017-01-27,-0.002624026240262478,-0.0008027042075121641,-0.010531438514590263,0.001821322032750314,0.007907412274327785
2017-01-30,-0.002302063635616247,-0.0020445488289317134,-0.00790703296661377,0.00025751480668453376,0.005604969330997522
2017-01-31,0.06098063452822422,-0.0009872191659429218,-0.007536046672612429,0.061967853694167144,0.06851668120083665
2017-02-01,-0.0017087378640776585,0.001319714012044265,-0.005744159687310457,0.0030284518761219234,0.004035421823232799
2017-02-02,0.004279156617132296,-0.0016077129743458174,0.015276980586349964,0.005886869591478113,0.010997823969217668
2017-02-03,0.009374031608304856,-0.00041449851599385714,0.0006885847542434931,0.009788530124298714,0.008685446854061363
2017-02-06,0.009517230792846831,-0.002693571621679482,0.011277683079242706,0.012210802414526312,0.001760452286395875
2017-02-07,0.003877442408575904,-0.0016234222697220115,0.0007538620266132057,0.0055008646782979155,0.0031235803819626984
2017-02-08,0.002877915783096041,-0.003981540557815993,-0.02538989670574665,0.006859456340912034,0.028267812488842692
2017-02-09,-0.002265518803805988,-0.004545234443591444,-0.016911115497350693,0.0022797156397854563,0.014645596693544705
2017-02-10,0.008855585831062607,-0.002108494138386348,-0.005443163216114044,0.010964079969448955,0.014298749047176651
2017-02-13,0.012979218245930069,-0.0016997448178464577,-0.0007023258949629962,0.014678963063776525,0.013681544140893065
2017-02-14,0.0036290919863721793,-0.0028911030160595555,-0.0021324397530406713,0.006520195002431735,0.005761531739412851
2017-02-15,-0.0012176223156962207,-0.00016723130052695174,0.006689002271741629,0.001050391015169269,0.00790662458743785
2017-02-16,0.002770697107392195,-0.0008516131210441133,0.002215513726696372,0.003622310228436308,0.0005551833806958228
2017-02-17,0.007220748600058835,-0.0017906504440062584,0.01638663373887539,0.009011399044065093,0.009165885138816554
2017-02-21,0.0029992684711048767,-0.0006936504531035205,0.017190735787153244,0.003692918924208397,0.014191467316048367
2017-02-22,-0.004230180147327012,-0.0012739090468451416,0.002884976100176573,0.00295627110048187,0.0071151562475035846
2017-02-23,0.0009521716838789551,-0.0005211187210506186,0.004383612424135208,0.0014732904049295737,0.003431440740256253
2017-02-24,0.001975706132006483,-0.0018916288163739756,0.005923876538872719,0.0038673349483804584,0.003948170406866236
2017-02-27,0.00043818009201790353,-0.0008058725291441799,0.005139671266078949,0.0012440526211620834,0.0047014911740610454
2017-02-28,0.020439448134900173,-0.000902854307965017,0.01171910297125578,0.02134230244286519,0.008720345163644394
2017-03-01,-0.0059374776450388245,-0.0005958746641699991,0.005213360767811537,0.005341602980868825,0.011150838412850361
2017-03-02,0.005900978698906156,-0.00031373590330847825,0.002550227800384164,0.006214714602214635,0.0033507508985219925
2017-03-03,-0.0031478036915152385,-0.0010451768921216648,0.0015260360669344664,0.0021026267993935737,0.004673839758449705
2017-03-06,0.001291804219893944,-0.0018247365220797323,0.00030221519409678876,0.003116540741973676,0.0009895890257971551
2017-03-07,-0.0037270642201835402,-6.7307659800312e-05,-0.0028334830421954393,0.0036597565603832282,0.0008935811779881009
2017-03-08,-0.002302158273381205,-0.0016465697886986347,0.0016642857808619738,0.0006555884846825705,0.003966444054243179
2017-03-09,0.003316988751081551,-0.0010833292864377416,-0.004768610931932926,0.004400318037519293,0.008085599683014477
2017-03-10,0.0004312203536007697,-0.001262820415173698,0.006501816678792238,0.0016940407687744677,0.0060705963251914685
2017-03-13,-0.0015086206896550713,-0.0019291057412202384,0.006829692516475916,0.000420485051565167,0.008338313206130987
2017-03-14,0.01057630045326996,-0.0017133934462888294,0.01044556312263012,0.01228969389955879,0.00013073733063984072
2017-03-15,0.0016374768617399837,-0.0014843744437299088,0.010880418121814728,0.0031218513054698926,0.009242941260074744
2017-03-16,-0.004975478001279288,-0.001293958641818009,0.016133209690451622,0.0036815193594612787,0.02110868769173091
2017-03-17,0.010500750053575203,-0.0003354603431509357,0.004396610427647829,0.010836210396726139,0.006104139625927374
2017-03-20,-0.011452000565530973,-0.001546940866910487,0.010899760760366917,0.009905059698620485,0.02235176132589789
2017-03-21,0.01129862700228812,0.0008477901221623785,0.004964172374457121,0.010450836880125741,0.006334454627830999
2017-03-22,-0.0035355678121906653,-0.000513047951901391,4.6557073801523075e-05,0.0030225198602892743,0.0035821248859921884
2017-03-23,-0.001986942946352599,-0.001154317620745345,0.006944969762116671,0.0008326253256072539,0.00893191270846927
2017-03-24,0.0017064846416383617,0.0008191820336043982,-0.0017606846522539854,0.0008873026080339634,0.003467169293892347
2017-03-27,0.020726859738784853,-0.002593658040465463,0.002372550079599023,0.023320517779250316,0.01835430965918583
2017-03-28,0.0022253129346314626,-0.0016664825260713449,-0.005027934443205595,0.0038917954607028075,0.007253247377837058
2017-03-29,-0.0013183458229253375,-0.001284779711729661,-0.0037182059604674578,3.356611119567643e-05,0.0023998601375421202
2017-03-30,-0.001875911901618954,-0.0011141474219222621,-0.005293240305036306,0.0007617644796966919,0.0034173284034173523
2017-03-31,0.0002784351942084484,-0.002260849391064481,0.0015355526702478528,0.0025392845852729292,0.0012571174760394044
2017-04-03,0.007446068197634048,-0.0005592101158415838,-0.0010101990774273872,0.008005278313475632,0.008456267275061435
2017-04-04,-0.0051806313462734455,-0.00202697622210891,-0.0025778852868825197,0.0031536551241645354,0.0026027460593909257
2017-04-05,-0.0024996528259965123,-0.0013815342053257835,0.0016555452020838857,0.0011181186206707288,0.004155198028080398
2017-04-06,-0.0022274815536683645,-0.0010072702527864335,0.001092138816602528,0.001220211300881931,0.0033196203702708926
2017-04-07,-0.00118599134923969,-0.0018021839061487755,-0.0023497282527387142,0.0006161925569090855,0.0011637369034990241
2017-04-10,-0.010756443388978076,-0.001009928705808412,0.0007986843702383339,0.009746514683169664,0.01155512775921641
2017-04-11,0.0012003106686437892,-0.0005707893989655892,0.005559226498007774,0.0017711000676093784,0.004358915829363985
2017-04-12,-0.005289139633286366,-0.001104629076474269,0.006988012231886387,0.004184510556812097,0.012277151865172753
2017-04-13,0.0055299539170508005,-0.0008448975133278419,0.00863707810640335,0.006374851430378642,0.0031071241893525503
2017-04-17,-0.004441937530846984,-0.0004684883210604625,0.0030469130724668503,0.003973449209786522,0.007488850603313835
2017-04-18,-0.0036827195467420415,-0.001663928674281656,0.011013858020305634,0.0020187908724603855,0.014696577567047675
2017-04-19,0.012510662496445724,-0.00023277237864254268,0.014432760886847973,0.012743434875088267,0.0019220983904022493
2017-04-20,-0.0011934849761302546,-0.0015164154772403602,-0.0009014011593535542,0.0003229305011101056,0.00029208381677670037
2017-04-21,0.009629577563786906,-0.0009956891255566295,0.00444945739582181,0.010625266689343535,0.0051801201679650966
2017-04-24,0.006196045669730088,-0.00030638823962587936,0.009426633827388287,0.0065024339093559674,0.0032305881576581985
2017-04-25,-0.0058811319449249,-0.002209173235335333,-0.004759891889989376,0.003671958709589567,0.001121240054935524
2017-04-26,0.0007655902004453097,-0.0007135440274403434,0.0015287554124370217,0.001479134227885653,0.0007631652119917121
2017-04-27,-0.0009736421169760368,-0.0013575066250832027,0.0011674213455989957,0.00038386450810716597,0.0021410634625750324
2017-04-28,0.020396797772363362,-0.0009642846359700788,-0.0051956335082650185,0.02136108240833344,0.02559243128062838
2017-05-01,0.006344658207122267,0.00020434605593647182,0.0001576189970364794,0.006140312151185795,0.006187039210085787
2017-05-02,-0.003050640634533197,-0.00045791099743069073,-0.0006484251352958381,0.0025927296371025064,0.002402215499237359
2017-05-03,-0.0036039711682306352,-0.0025865565555215743,-0.0008552167564630508,0.001017414612709061,0.0027487544117675844
2017-05-04,0.016583634750563014,-0.00226377803480298,-0.0014222611207515001,0.018847412785365995,0.018005895871314515
2017-05-05,0.027188506981739913,-0.0015508174737734358,0.0037588325794786215,0.02873932445551335,0.02342967440226129
2017-05-08,0.0064048101431279925,-0.0015816140658956104,-0.004509014543145895,0.007986424209023603,0.010913824686273887
2017-05-09,-0.00474056756932284,-0.000289708612946098,-0.00267245015129447,0.004450858956376742,0.00206811741802837
2017-05-10,0.004502153203706172,-0.0018558193837738806,-0.004915396682918072,0.006357972587480052,0.009417549886624244
2017-05-11,0.013965573238064355,-0.0033181476131945798,0.005453760735690594,0.017283720851258934,0.008511812502373761
2017-05-12,-0.002562459961563124,-0.0009865181854135643,0.006056434009224176,0.0015759417761495595,0.0086188939707873
2017-05-15,-0.0014771997430956807,-0.0006888350984483411,-0.0022773300297558308,0.0007883646446473396,0.0008001302866601501
2017-05-16,-0.033575609442336174,-0.0011316444845011573,-0.0015365059953182936,0.03244396495783502,0.03203910344701788
2017-05-17,0.015241264559068268,-0.0004524832578921894,0.005493537522852421,0.01569374781696046,0.009747727036215847
2017-05-18,0.003408941916874353,0.0006602005351479447,0.006699454039335251,0.002748741381726408,0.003290512122460898
2017-05-19,0.00607604860838884,9.894828128266314e-05,-0.0017977794632315636,0.005977100327106176,0.007873828071620403
2017-05-22,-0.001233846353659307,0.002238703385722565,0.0005404125549830496,0.003472549739381872,0.0017742589086423566
2017-05-23,-0.002990897269180781,-0.0009373620345549099,0.007846428081393242,0.0020535352346258712,0.010837325350574023
2017-05-24,0.003456371462110308,-0.0029128328180667825,-0.004064234904944897,0.006369204280177091,0.007520606367055205
2017-05-25,-0.0016897380905959158,-0.003252919850768886,-0.004426770843565464,0.00156318176017297,0.002737032752969548
2017-05-26,0.0003905995703403775,-0.002290890581254386,-0.004699983634054661,0.0026814901515947636,0.005090583204395038
2017-05-30,-0.005921780438602142,-0.0026291599067113248,-0.00374631118029356,0.0032926205318908174,0.002175469258308582
2017-05-31,0.002749410840534372,-0.0019270539622180203,-0.006015334744006395,0.004676464802752392,0.008764745584540767
2017-06-01,0.014819166993079946,-0.0016434115289139968,-0.0003160893393214792,0.016462578521993943,0.015135256332401426
2017-06-02,-0.009778063686072591,-0.0017813876754443026,0.00494436314329505,0.007996676010628288,0.01472242682936764
2017-06-05,0.0033781589033974324,-0.0015346633467548717,-0.00454339012503624,0.004912822250152304,0.007921549028433672
2017-06-06,0.005956620265458179,-0.0014319772091012407,0.002533173421397805,0.00738859747455942,0.003423446844060374
2017-06-07,-0.002445774602561568,-0.002042166480037251,-0.002632562769576907,0.0004036081225243168,0.0001867881670153393
2017-06-08,-0.03877669527066274,-0.0004603365257288775,0.0012441878207027912,0.038316358744933866,0.04002088309136553
2017-06-09,-0.0238958249429454,0.0028764759676155006,0.045803703367710114,0.0267723009105609,0.06969952831065551
2017-06-12,0.008045660844450575,-0.0012507345784019503,-0.007993784733116627,0.009296395422852526,0.016039445577567202
2017-06-13,-0.009755099256429589,0.0020612828949445024,-0.003019134746864438,0.01181638215137409,0.006735964509565151
2017-06-14,-0.005993386607880957,0.003567154309588181,0.005766909569501877,0.009560540917469138,0.011760296177382834
2017-06-15,-0.013999584170767077,-0.001063706513889367,-0.00032292725518345833,0.01293587765687771,0.013676656915583618
2017-06-16,0.028607577142053753,-0.0025707065565418177,-0.0039831544272601604,0.03117828369859557,0.03259073156931391
2017-06-19,-0.009088424217575608,-0.0014657095812250385,-0.0037996883038431406,0.0076227146363505695,0.005288735913732467
2017-06-20,0.005930625474105389,-0.000578929474414981,-0.00024100739392451942,0.00650955494852037,0.006171632868029908
2017-06-21,-0.0016453006101323497,-0.0003879887847976623,2.772400875983294e-06,0.0012573118253346874,0.001648073011008333
2017-06-22,0.004463366064684449,-0.0027138659662931776,0.007236338220536709,0.007177232030977626,0.00277297215585226
2017-06-23,-0.0031446540880503138,-0.0009081915115338934,-0.0032190775964409113,0.0022364625765164204,7.442350839059753e-05
2017-06-26,-0.01433273899327936,-0.0010785246220645943,0.0033716969192028046,0.013254214371214764,0.017704435912482164
2017-06-27,0.014610728449175658,-0.001087486170545467,0.0007583987317048013,0.015698214619721124,0.013852329717470857
2017-06-28,-0.014743194130151571,-0.0011073465672242133,0.005506006069481373,0.013635847562927357,0.020249200199632944
2017-06-29,0.002366369710467664,-0.0009227437860295368,-0.0002760800707619637,0.0032891134964972008,0.0026424497812296277
2017-06-30,-0.0036106096375504437,0.0003659752795802233,-0.0027243399526923895,0.003976584917130667,0.0008862696848580542
2017-07-03,0.004111498257839852,-0.000443532685958572,-0.0002624971093609929,0.004555030943798424,0.004373995367200845
2017-07-05,-0.00943854535359856,-6.71080540037062e-05,0.003241641214117408,0.009371437299594854,0.012680186567715968
2017-07-06,0.010159041546976999,-0.0020586792870694037,-0.00488362368196249,0.012217720834046403,0.015042665228939489
2017-07-07,0.00610348175891251,-0.0017217037019481704,0.0025030728429555893,0.007825185460860681,0.003600408915956921
2017-07-10,0.003240038604715334,-0.002150226958962275,-0.00025126870605163276,0.005390265563677609,0.0034913073107669668
2017-07-11,0.0014430014430015792,-0.0015899379471636813,-0.0026998594403266907,0.0030329393901652605,0.00414286088332827
2017-07-12,0.01392891450528344,-0.001996807664576998,0.006478449795395136,0.015925722169860438,0.007450464709888305
2017-07-13,0.008594437301211233,-0.0029312284395660504,0.013816743157804012,0.011525665740777284,0.005222305856592779
2017-07-14,0.0034889962426194465,-0.002075754510095407,0.002945096930488944,0.005564750752714853,0.0005438993121305025
2017-07-17,0.0034768654720513936,-0.0018949894516333832,0.0074111903086304665,0.005371854923684777,0.003934324836579073
2017-07-18,0.0062633262260127776,-0.002731798907289168,0.003863444784656167,0.008995125133301946,0.0023998814413566105
2017-07-19,-0.00450271487220244,-0.0018093244994187513,-0.002869384130463004,0.002693390372783689,0.001633330741739436
2017-07-20,-0.00046561128109612326,-0.0005897105464556822,0.008628874085843563,0.0001240992653595589,0.009094485366939686
2017-07-21,0.012111532574698769,-0.0015665699595506736,0.007524293381720781,0.013678102534249443,0.004587239192977988
2017-07-24,0.0042737852587284575,-0.0016210784553866578,0.002651991555467248,0.005894863714115115,0.0016217937032612095
2017-07-25,0.004713892889878224,-0.0014395229575138889,0.002851613564416766,0.006153415847392113,0.0018622793254614578
2017-07-26,-0.018897432555714855,-0.001220377435653246,0.00046525648212991655,0.01767705512006161,0.01936268903784477
2017-07-27,-0.007040382571732229,0.00022446596296100182,-0.0023844249080866575,0.007264848534693231,0.004655957663645571
2017-07-28,-0.005150501672240848,-0.0007376656247970294,-0.01098063588142395,0.004412836047443819,0.005830134209183102
2017-07-31,0.06629462784912277,-9.603510854311152e-05,0.0029402815271168947,0.06639066295766588,0.06335434632200587
2017-08-01,-0.00914307333375386,0.006621023848393496,-0.003061014926061034,0.015764097182147357,0.006082058407692825
2017-08-02,-0.00999109074710447,0.001972108387361093,-0.004478954244405031,0.011963199134465563,0.0055121365026994384
2017-08-03,0.005270939127081098,0.0011695208033231817,-0.0021672945003956556,0.004101418323757916,0.0074382336274767535
2017-08-04,0.015474135174883497,-0.0033032164842347264,-0.001288262545131147,0.018777351659118223,0.016762397720014643
2017-08-07,0.007996977520307258,0.0015829864716958128,-0.004087690729647875,0.0064139910486114456,0.012084668249955133
2017-08-08,0.0061219390304847465,-0.0017548265275877488,-0.009620348922908306,0.007876765558072495,0.015742287953393053
2017-08-09,-0.03563889233825912,-0.004060473550859498,-0.00039038315298967063,0.03157841878739962,0.03524850918526945
2017-08-10,0.013906773113572024,-0.0007930223710812334,-0.0013867849484086037,0.014699795484653257,0.015293558061980628
2017-08-11,0.015049530099060293,-0.000659631759382634,0.0024291123263537884,0.015709161858442927,0.012620417772706505
2017-08-14,0.01094776352830773,-0.001071597030937693,0.0020553641952574253,0.012019360559245424,0.008892399333050305
2017-08-15,-0.004022277227722859,0.0023914918832050654,0.0025097194593399763,0.0064137691109279246,0.006531996687062835
2017-08-16,-0.01919850885368113,-0.0009437661935302929,-0.0016854751156643033,0.018254742660150834,0.017513033738016826
2017-08-17,-0.0022805017103764147,-0.0020399531460172466,-0.0012725561391562223,0.00024054856435916806,0.0010079455712201923
2017-08-18,-0.0018412698412697548,-0.0018165001715263317,-0.006528952158987522,2.4769669743423053e-05,0.004687682317717767
2017-08-21,0.016347560587748777,-0.0009620661177158632,-0.002677273703739047,0.01730962670546464,0.019024834291487824
2017-08-22,0.0012517211165352649,-0.0001062862224537487,0.0022699672263115644,0.0013580073389890136,0.0010182461097762996
2017-08-23,-0.004438054756844445,-0.0025662553891506136,0.00782120693475008,0.0018717993676938315,0.012259261691594525
2017-08-24,0.0037044013310729706,-0.0018908325493448416,-0.0001013005748973228,0.005595233880417812,0.0038057019059702935
2017-08-25,0.010071312398348464,-0.003424985078004728,-0.0013614448253065348,0.013496297476353192,0.011432757223654999
2017-08-28,0.008918065275283382,-0.0024520326037184422,0.002076376462355256,0.011370097879001825,0.006841688812928126
2017-08-29,0.0027008777852801646,-0.003504254658713862,-0.0009482188615947962,0.006205132443994027,0.003649096646874961
2017-08-30,0.003979185797367668,-0.0017628133229790873,0.00017712170665618032,0.005741999120346755,0.0038020640907114878
2017-08-31,0.0003048780487806546,-0.0030079564118234772,-0.0031759338453412056,0.003312834460604132,0.00348081189412186
2017-09-01,-0.012008533983541625,-0.0019334816823392146,2.116584437317215e-05,0.010075052301202411,0.012029699827914797
2017-09-05,-0.0010488647581442523,-0.0009490775523591372,-0.0004438871401362121,9.978720578511513e-05,0.0006049776180080402
2017-09-06,-0.004014575999011782,-0.0006535033952216277,0.0024979477748274803,0.0033610726037901547,0.006512523773839263
2017-09-07,-0.016309066104427616,-0.0009441936238006546,-0.0018500549485906959,0.015364872480626962,0.01445901115583692
2017-09-08,0.018092416314694493,-4.72385691521332e-05,0.002359092002734542,0.018139654883846626,0.01573332431195995
2017-09-11,-0.003962848297213495,-0.000305387006314441,-0.0029493682086467743,0.003657461290899054,0.0010134800885667206
2017-09-12,-0.007522068879771249,3.239414207620479e-05,-0.0025928281247615814,0.0075544630218474535,0.004929240755009667
2017-09-13,-0.008581271531475143,-0.0008703343683715307,0.0005854383925907314,0.007710937163103612,0.009166709924065874
2017-09-14,0.010108668182966962,-0.0026885172656018344,-0.004260793793946505,0.012797185448568796,0.014369461976913467
2017-09-15,-0.007568176132099147,-0.0014041643971286748,0.000839507149066776,0.006164011734970472,0.008407683281165923
2017-09-18,0.00037814331631680353,-0.0006793356350508336,-0.0025750892236828804,0.0010574789513676372,0.002953232539999684
2017-09-19,-0.01675801675801669,-0.0006331002529234861,0.0035084239207208157,0.016124916505093206,0.020266440678737507
2017-09-20,-0.01717178189274049,-0.0018886225242053158,0.0002254065911984071,0.015283159368535174,0.017397188483938897
2017-09-21,-0.009778994719342848,0.0002698746427924753,0.0072313635610044,0.010048869362135324,0.01701035828034725
2017-09-22,-0.008822173941668177,-0.002555651628954424,0.0014450375456362963,0.0062665223127137525,0.010267211487304473
2017-09-25,0.017203586848222985,-0.0015124661483545427,0.0013194478815421462,0.018716052996577526,0.01588413896668084
2017-09-26,0.007117670105785567,0.00028754311060090335,0.0015295742778107524,0.0068301269951846644,0.005588095827974815
2017-09-27,-0.006159631718861358,-0.0012015706719101247,-0.0016582838725298643,0.004958061046951233,0.004501347846331494
2017-09-28,0.005480167014613846,-0.0019386938415443204,-0.002655669581145048,0.007418860856158166,0.008135836595758894
2017-09-29,-0.0020114196729821288,-0.0035405663704464177,0.006742168217897415,0.001529146697464289,0.008753587890879544
2017-10-02,0.004356023665561315,-0.0021303294001856314,-0.00479642441496253,0.006486353065746946,0.009152448080523845
2017-10-03,-0.006473329880890777,-0.0015312896614471591,-0.0017126339953392744,0.004942040219443618,0.0047606958855515025
2017-10-04,0.012444618191295165,-0.002474836681490117,0.009364179335534573,0.014919454872785282,0.003080438855760592
2017-10-05,-0.0005791878499258329,-0.0014092972565143752,0.0009775051148608327,0.0008301094065885422,0.0015566929647866656
2017-10-06,0.003477141017385721,-0.0024115145906232613,-0.0002995370014104992,0.005888655608008982,0.00377667801879622
2017-10-09,0.0003850102669404887,-0.0011692463651023543,0.0001326806377619505,0.001554256632042843,0.0002523296291785382
2017-10-10,0.004169339320077015,-0.002036343415830432,5.8796711527975276e-05,0.006205682735907447,0.004110542608549039
2017-10-11,-0.003513254551261613,-0.0018074920747552792,0.004615773446857929,0.001705762476506334,0.008129027998119542
2017-10-12,0.006346153846154001,-0.0021072078649224807,-0.005107668694108725,0.008453361711076482,0.011453822540262726
2017-10-13,0.018408815848143023,-0.00150275940087398,-0.0016327983466908336,0.019911575249017002,0.020041614194833857
2017-10-16,0.003690267700775518,-0.001901607855556704,0.005826334003359079,0.005591875556332222,0.0021360663025835613
2017-10-17,-0.004424503022371851,-0.0018283783210746758,-0.0021885589230805635,0.002596124701297175,0.002235944099291287
2017-10-18,-0.02366049073610421,-0.0017035399735164138,-0.0031232472974807024,0.021956950762587798,0.02053724343862351
2017-10-19,0.0017309911527119137,-0.002790214947644006,0.00010689131886465475,0.00452120610035592,0.001624099833847259
2017-10-20,-0.000512000000000068,0.0005430154482547181,-0.004669657908380032,0.001055015448254786,0.004157657908379964
2017-10-23,0.005955048985080369,0.000379631324318579,0.0019652603659778833,0.00557541766076179,0.003989788619102486
2017-10-24,-0.004392106938255869,0.00025047380515470525,-0.0015790157485753298,0.004642580743410574,0.002813091189680539
2017-10-25,0.006393453104021507,-0.001657990300682196,0.001899238908663392,0.008051443404703703,0.004494214195358115
2017-10-26,0.03582999809414922,-0.0028351893639401897,-0.0008672134717926383,0.03866518745808941,0.036697211565941856
2017-10-27,0.02250843299601346,-0.0024923720741203423,-0.005305284634232521,0.025000805070133802,0.027813717630245982
2017-10-30,0.013915547024951902,-0.002338004759454628,-0.001789187896065414,0.01625355178440653,0.015704734921017316
2017-10-31,-0.012718883104590684,-0.0021957081606389754,-0.000630799971986562,0.010523174943951708,0.012088083132604122
2017-11-01,0.007310204326202996,-0.001570340578516992,0.004649288021028042,0.008880544904719987,0.002660916305174954
2017-11-02,0.026113854024150784,-0.0009410232125164593,-0.0062498655170202255,0.027054877236667243,0.03236371954117101
2017-11-03,0.010144927536231974,0.0029012573149302568,-0.003686196869239211,0.007243670221301717,0.013831124405471185
2017-11-06,0.003213773314203694,-0.0005233712707199472,-0.0010011658305302262,0.003737144584923641,0.00421493914473392
2017-11-07,0.008180310050912354,-0.0022470031267197692,-0.0037181826774030924,0.010427313177632123,0.011898492728315446
2017-11-08,-0.0020426690876078624,-0.00491954486629956,-0.0014011525781825185,0.002876875778691698,0.0006415165094253439
2017-11-09,-0.006879690698203378,-0.003724580451798365,0.00547988573089242,0.0031551102464050127,0.012359576429095798
2017-11-10,-0.004007557107688742,-0.002512652052919587,-0.006287930998951197,0.0014949050547691549,0.002280373891262455
2017-11-13,-0.015117549002701569,-0.0033149668660600604,-0.007726369425654411,0.01180258213664151,0.007391179577047158
2017-11-14,-0.013190148243258926,-0.0011689642126196439,-0.004021663684397936,0.012021184030639282,0.00916848455886099
2017-11-15,0.011947007333806381,-0.002194914338301105,-0.00038239211426116526,0.014141921672107486,0.012329399448067546
2017-11-16,-0.005552308591466937,-0.0006664240158529844,-0.0016240753466263413,0.004885884575613952,0.0039282332448405954
2017-11-17,-0.0009991184249192875,-0.0009425961495903865,-0.0030007753521203995,5.6522275328900994e-05,0.002001656927201112
2017-11-20,0.018590422402635642,-0.0012692609779856373,-0.0022301478311419487,0.01985968338062128,0.02082057023377759
2017-11-21,0.010511724615917872,-0.003745914165243755,0.00870669074356556,0.014257638781161628,0.001805033872352313
2017-11-22,5.71559213533579e-05,-0.00317243020864111,0.0030725784599781036,0.003229586129994468,0.0030154225386247457
2017-11-24,-0.005029433617191548,-0.0025780335535718806,0.00219668447971344,0.002451400063619667,0.007226118096904988
2017-11-27,-0.005859038428399188,-0.0031763109452038673,-0.002902683336287737,0.0026827274831953208,0.002956355092111451
2017-11-28,-0.02074305194430004,-0.0014766379816357556,0.01041298545897007,0.019266413962664285,0.03115603740327011
2017-11-29,0.01398395090866189,0.0003428860252977328,4.490737410378642e-06,0.013641064883364157,0.013979460171251512
2017-11-30,-0.004655222577829354,-0.0003867239041874743,0.0016659043030813336,0.00426849867364188,0.006321126880910688
2017-12-01,-0.007307804735457446,-0.002509615886191493,0.002244833391159773,0.004798188849265953,0.009552638126617219
2017-12-04,-0.0009422850412250661,0.0014007603677383177,0.01171498466283083,0.0023430454089633838,0.012657269704055896
2017-12-05,-0.0037137467578400862,-0.0038989918311697685,0.006206142250448465,0.00018524507332968228,0.009919889008288552
2017-12-06,0.0018342109934323947,-0.003979301803338066,-0.002675305586308241,0.005813512796770461,0.004509516579740636
2017-12-07,0.00029529884242851523,-0.002646638960811726,0.006485393270850182,0.002941937803240241,0.006190094428421666
2017-12-08,0.0194839700064946,-0.0019222981526803582,0.002522841328755021,0.021406268159174957,0.01696112867773958
2017-12-11,-0.0056176521688769965,-0.0034705222599822503,-0.005512279458343983,0.002147129908894746,0.00010537271053301378
2017-12-12,0.00331974373907995,-0.002902010120291866,0.0015380383701995015,0.006221753859371816,0.0017817053688804485
2017-12-13,-0.00029024206187966417,-0.0018145217331435462,0.005324946250766516,0.001524279671263882,0.00561518831264618
2017-12-14,0.010161421437695939,-0.003002964356954063,0.0052908556535840034,0.013164385794650003,0.004870565784111935
2017-12-15,0.014082887854227621,-0.0004171480643992637,-0.004087046720087528,0.014500035918626884,0.01816993457431515
2017-12-18,-0.010656388164607122,-0.0022598736374730742,0.0015874524833634496,0.008396514527134049,0.012243840647970572
2017-12-19,-0.0010885756846568118,-0.0026448006040903985,-0.0010196036892011762,0.0015562249194335867,6.897199545563559e-05
2017-12-20,0.003785488958990557,-0.0020037461389666705,0.0019873245619237423,0.005789235097957228,0.0017981643970668149
2017-12-21,0.0,-0.0031053869458809863,0.004964946769177914,0.0031053869458809863,0.004964946769177914
2017-12-22,-0.025369978858350906,-0.001450067993738085,0.0017043312545865774,0.02391991086461282,0.027074310112937483
2017-12-26,0.00017588087002406994,-0.003506556061772243,-0.0005558524280786514,0.0036824369317963127,0.0007317332981027214
2017-12-27,0.0028135990621338536,-0.002094009281020849,-0.0032905121333897114,0.0049076083431547025,0.006104111195523565
2017-12-28,-0.010813654430675834,-0.0014683917884076693,0.0005623231991194189,0.009345262642268166,0.011375977629795253
2017-12-29,0.0179046268392129,-0.00011446979917532994,0.0017256169812753797,0.01801909663838823,0.01617900985793752
2018-01-02,-0.00017415534656917142,-0.00196646488399709,-0.0009537396254017949,0.0017923095374279188,0.0007795842788326235
2018-01-03,0.004644951518318674,-0.002889148609523184,0.0014752886490896344,0.007534100127841858,0.0031696628692290396
2018-01-04,0.011385308905970115,-0.002033824187332024,-0.0001270265638595447,0.01341913309330214,0.01151233546982966
2018-01-05,-0.003714285714285781,-0.004200576728079807,0.00010969203140120953,0.0004862910137940256,0.0038239777456869906
2018-01-08,-0.00011471178663602366,-0.0030043224057268855,-0.00332121504470706,0.002889610619090862,0.003206503258071036
2018-01-09,-0.00022944989387951864,-0.002560851461998157,-0.0018357165390625596,0.0023314015681186384,0.001606266645183041
2018-01-10,0.005680188192093594,-0.004074976082867529,0.0039001095574349165,0.009755164274961124,0.0017800786346586772
2018-01-11,0.010326335006846099,-0.0019641831528928776,-0.0038464500103145838,0.012290518159738976,0.014172785017160683
2018-01-12,-0.005082161612739333,-0.0022430050690927265,0.0022215808276087046,0.0028391565436466067,0.007303742440348038
2018-01-16,0.0165162608547591,-0.0015148355904833141,0.0014733318239450455,0.018031096445242416,0.015042929030814056
2018-01-17,0.0008933556672250376,-0.0034354077519174854,0.004001104272902012,0.004328763419142523,0.0031077486056769743
2018-01-18,-0.004462791476068206,-0.00293456212306398,0.0018604547949507833,0.0015282293530042264,0.00632324627101899
2018-01-19,-0.008181105009525957,-0.0017763604065992016,0.0014146931935101748,0.006404744602926756,0.009595798203036132
2018-01-22,0.00022598870056489417,-0.0032146686423986303,-0.0012258158531039953,0.0034406573429635245,0.0014518045536688895
2018-01-23,-0.015928603705377298,-0.0010731468092628057,0.003130140947178006,0.014855456896114491,0.019058744652555304
2018-01-24,-0.017850992997359594,-0.00017910736341347506,-0.0005197387072257698,0.01767188563394612,0.017331254290133824
2018-01-25,0.0023376775173864495,0.00019044989336630203,0.00699745723977685,0.0021472276240201474,0.0046597797223904
2018-01-26,-0.020698501545099335,-0.0014168071222879818,-0.000900176411960274,0.019281694422811354,0.01979832513313906
2018-01-29,-0.005894260538223395,-0.0008330170812469824,0.007637646980583668,0.005061243456976412,0.013531907518807063
2018-01-30,0.0027549859256155163,-0.003092708081260877,-0.00028234923956915736,0.005847694006876393,0.0030373351651846736
2018-01-31,0.0020904258496088346,-0.002793631153847063,0.00045203056652098894,0.004884057003455898,0.0016383952830878457
2018-02-01,-0.04339015377279776,-0.001608559431020471,5.364097160054371e-05,0.041781594341777285,0.0434437947443983
2018-02-02,-0.02498442367601239,0.0004523705385937023,-0.0007089216378517449,0.025436794214606092,0.024275502038160646
